topicsfull,Freq
.NET,30
20'S & 30'S SOCIAL,29
3D MODELING,8
3D PRINTING,8
ACTING,13
ACTIVE DOGS,6
ACTIVISM,8
ADVENTURE,37
AGILE PROJECT MANAGEMENT,10
ALTERNATIVE MEDICINE,7
ANDROID DEVELOPMENT,26
ANIMAL RESCUE,6
ANIMALS,8
ANIME,6
APPLIED STATISTICS,11
ARCHITECTURE,12
ARDUINO,13
ART,66
ARTIFICIAL INTELLIGENCE,15
ARTISTS,29
ARTS & ENTERTAINMENT,12
ASP.NET,7
AUTHORS,6
B2B NETWORKING,6
BACKPACKING,9
BALLROOM DANCING,9
BEER,26
BEGINNER REAL ESTATE INVESTING,9
BICYCLING,29
BIG DATA,198
BIG DATA ANALYTICS,43
BIOTECHNOLOGY,6
BLACK PROFESSIONALS,17
BLACK SINGLES,6
BLACK WOMEN,8
BOARD GAMES,26
BOLLYWOOD FILMS,9
BOOK CLUB,30
BUSINESS ANALYTICS,7
BUSINESS INTELLIGENCE,47
BUSINESS STRATEGY,77
C#,26
C/C++,7
CAMPING,36
CARD GAMES,14
CARS,11
CASHFLOW,6
CIVIC ENGAGEMENT,8
CLOUD COMPUTING,83
CMS (CONTENT MANAGEMENT SYSTEMS),13
COFFEE,33
COGNITIVE SCIENCE,12
COLLABORATION,7
COLLABORATION BETWEEN CREATIVE MINDS,9
COMEDY,6
COMMUNICATION SKILLS,34
COMMUNITY ORGANIZATIONS,6
COMMUNITY SERVICE,16
COMPUTER PROGRAMMING,192
COMPUTER SCIENCE,6
CONCERTS,22
CONSCIOUSNESS,12
COOKING,32
COUPLES,8
CRAFT BEER,8
CRAFTS,33
CREATIVE CIRCLE,13
CREATIVE WRITING,27
CREATIVITY,40
CRITICAL THINKING,20
CRITIQUE GROUP,12
CSS,37
CULTURAL ACTIVITIES,10
CULTURE,6
CULTURE EXCHANGE,6
CYCLING,12
DANCE AND MOVEMENT,12
DANCE LESSONS,34
DANCING,51
DATA ANALYTICS,164
DATA MANAGEMENT,11
DATA MINING,118
DATA SCIENCE,32
DATA VISUALIZATION,162
DATABASE DEVELOPMENT,9
DATABASE PROFESSIONALS,6
DATING AND RELATIONSHIPS,34
DEVOPS,6
DIGITAL PHOTOGRAPHY,31
DINING OUT,96
DINNER AND A MOVIE,11
DIY (DO IT YOURSELF),32
DJANGO,11
DOG WALKS,8
DOGS,13
DRINKING,29
DRUM CIRCLE,6
EATING,21
EDUCATION,18
EDUCATION & TECHNOLOGY,67
ELECTRONICS,12
ENERGY,18
ENERGY HEALING,11
ENGINEERING,15
ENGLISH AS A SECOND LANGUAGE,11
ENGLISH LANGUAGE,7
ENTREPRENEUR NETWORKING,69
ENTREPRENEURSHIP,145
ENVIRONMENT,9
ESRI,15
ETC,20
EXECUTIVE COACHING,10
EXERCISE,46
FASHION AND STYLE,18
FICTION,10
FILM,23
FILM AND VIDEO PRODUCTION,6
FINE ARTS,8
FITNESS,109
FOODIE,21
FREE THINKER,14
FRENCH LANGUAGE,10
FUN TIMES,38
FUNCTIONAL PROGRAMMING,22
GAME DESIGN,7
GAME DEVELOPMENT,10
GAME NIGHT,34
GAMES,17
GAMING,10
GARDENING,7
GEEK CULTURE,13
GEEKS & NERDS,27
GEOGRAPHIC INFORMATION SYSTEMS: GIS,9
GEOLOCATION,12
GEOSPATIAL,7
GIRLS' NIGHT OUT,10
GIS,20
GOOGLE,8
GRAPHIC DESIGN,31
GROUP FITNESS TRAINING,13
HACKING,16
HADOOP,66
HANDMADE CRAFTS,13
HAPPY HOUR,36
HEALTHY LIVING,22
HIGH SCALABILITY COMPUTING,44
HIKING,65
HOUSTON,51
HTML5,50
INDIAN CULTURE,8
INDIAN FOOD,9
INDIAN MUSIC,7
INDIAN PROFESSIONALS,7
INFORMATION ARCHITECTURE,8
INFORMATION SECURITY,7
INNER PEACE,6
INNOVATION,25
INTELLECTUAL DISCUSSION,61
INTERACTION DESIGN,20
INTERNATIONAL AND EXCHANGE STUDENTS,9
INTERNATIONAL FRIENDS,8
INTERNATIONAL TRAVEL,39
INTERNET COMMUNICATION TECHNOLOGY,8
INTERNET PROFESSIONALS,8
INTERNET STARTUPS,79
INVESTING,17
INVESTING FOR RETIREMENT,6
INVESTOR'S BUSINESS DAILY,6
IOS DEVELOPMENT,26
JAVA,16
JAVASCRIPT,95
JAVASCRIPT FRAMEWORKS,19
JAVASCRIPT LIBRARIES,13
JOB SEARCH,6
JQUERY,18
KARAOKE,9
KAYAKING,15
KNOWLEDGE SHARING,7
LANDSCAPE PHOTOGRAPHY,6
LANGUAGE & CULTURE,43
LATIN DANCE,19
LATIN MUSIC,10
LATINO CULTURE,7
LAUGHING,20
LAW OF ATTRACTION,6
LEADERSHIP,26
LEAN STARTUP,54
LEARNING,14
LIBERTARIAN,6
LINUX,34
LISP & SCHEME,7
LITERATURE,17
LIVE MUSIC,102
LOCAL ACTIVITIES,7
MACHINE LEARNING,48
MAKERS,7
MAKERSPACES,15
MAPPING,11
MAPREDUCE,37
MARKETING,8
MARTIAL ARTS,7
MEDITATION,36
MEETUP,15
MICROCONTROLLERS,8
MOBILE DEVELOPMENT,77
MOBILE TECHNOLOGY,106
MODELING,10
MOMS,14
MONGODB,8
MOUNTAIN BIKING,7
MOVIE NIGHTS,13
MUSEUM,36
MUSIC,53
MUSICIANS,29
MYSQL,11
NATURE PHOTOGRAPHY,9
NETWORK SECURITY,6
NEUROSCIENCE,6
NEW IN TOWN,15
NEW MEDIA,9
NEW TECHNOLOGY,220
NIGHTLIFE,15
NODEJS,13
NONPROFIT,13
NOSQL,45
NUTRITION,10
OBJECTIVE C,7
OIL & GAS INVESTING,7
ONLINE MARKETING,29
OPEN MIC,8
OPEN SOURCE,172
OPENSTACK,6
OUTDOOR  FITNESS,29
OUTDOOR ADVENTURES,20
OUTDOORS,99
PAINTING,17
PAPER CRAFTS,7
PARENTS,9
PARKOUR,7
PERFORMING ARTS,50
PERL,7
PERSONAL DEVELOPMENT,9
PETS,8
PHILOSOPHY,24
PHOTOGRAPHY,49
PHOTOGRAPHY CLASSES,17
PHOTOSHOP,24
PHP,17
POETRY,7
PORTRAIT PHOTOGRAPHY,10
POSITIVE THINKING,6
PREDICTIVE ANALYTICS,128
PRODUCT DESIGN,8
PROFESSIONAL-NETWORKING,11
PROFESSIONAL DEVELOPMENT,56
PROFESSIONAL NETWORKING,59
PROFESSIONAL WOMEN,23
PROGRAMMING LANGUAGES,32
PUBLIC SPEAKING,27
PUBS AND BARS,14
PYTHON,53
QUANTIFIED SELF,8
R PROJECT FOR STATISTICAL COMPUTING,22
R USERS GROUP,28
READING,37
REAL ESTATE,9
REAL ESTATE FORECLOSURES,7
REAL ESTATE INVESTING,7
REAL ESTATE INVESTORS,17
REAL ESTATE NETWORKING,6
RECIPES,11
RECREATIONAL SPORTS,14
REFERRAL MARKETING,8
RICH INTERNET APPLICATIONS,11
ROAD CYCLING,7
ROBOTICS,22
ROLE-PLAYING GAMES,11
ROLEPLAYING GAMES (RPGS),11
RUBY,16
RUBY ON RAILS,15
RUNNING,22
SAAS (SOFTWARE AS A SERVICE),7
SAILING,6
SALSA,26
SALSA DANCE LESSONS,6
SCI-FI/FANTASY,18
SCIENCE,39
SCIENCE FICTION,7
SCIENCE FICTION WRITING,11
SCREENWRITING,15
SELF-EMPOWERMENT,18
SELF-IMPROVEMENT,52
SELF EXPLORATION,17
SEO (SEARCH ENGINE OPTIMIZATION),12
SINGING,17
SINGLE PROFESSIONALS,18
SINGLES,14
SINGLES 30'S-50'S,17
SKEPTICS,7
SMALL BUSINESS,19
SMALL BUSINESS MARKETING STRATEGY,15
SMALL BUSINESS OWNERS,13
SOCCER,7
SOCIAL,59
SOCIAL DANCING,32
SOCIAL MEDIA,14
SOCIAL MEDIA MARKETING,16
SOCIAL NETWORKING,20
SOFTWARE DEVELOPMENT,177
SOFTWARE ENGINEERING,6
SONGWRITING,6
SPANISH LANGUAGE,18
SPATIAL DATA,11
SPIRITUALITY,30
SPOKEN WORD,6
SPORTS AND RECREATION,34
SPORTS FAN,15
SQL,6
SQL SERVER,10
STARTUP BUSINESSES,177
STATISTICAL COMPUTING,6
STAY-AT-HOME MOMS,6
STOCK INVESTING,6
STOCK MARKET,6
STOCK TRADING,9
SUSTAINABILITY,12
TALKING,20
TECHNOLOGY,135
TECHNOLOGY STARTUPS,63
TENNIS,13
THEATER,57
TOASTMASTERS,6
TRAIL RUNNING,7
TRAVEL,97
UNITY,8
USABILITY,10
USER EXPERIENCE,22
VEGAN,7
VIDEO GAMES,22
VOLUNTEERING,14
WALKING,29
WATCHING MOVIES,52
WEB DESIGN,124
WEB DEVELOPMENT,150
WEB STANDARDS,19
WEB TECHNOLOGY,90
WEEKEND ADVENTURES,21
WEIGHT LOSS,17
WELLNESS,27
WHOLE FOOD NUTRITION,12
WINDOWS AZURE PLATFORM,8
WINE,43
WOMEN'S BUSINESS NETWORKING,20
WOMEN'S EMPOWERMENT,14
WOMEN'S NETWORKING,8
WOMEN'S SOCIAL,19
WOMEN ENTREPRENEURS,13
WOMEN IN TECHNOLOGY,8
WOMEN SMALL BUSINESS OWNERS,9
WORDPRESS,10
WRITING,32
YOGA,26
YOUNG PROFESSIONAL SINGLES,27
YOUNG PROFESSIONALS,25
